page_id,document_name,page_number,source_group,record_type,case_id,duplicate_cluster_id,text_availability,ocr_difficulty,visual_quality,is_low_information_page,hard_negative_trap_type
v2_case_001_doc_received_p001,received_records_001.pdf,1,received_records,visit_note,case_001,cluster_001_exact_rendered,native_text,none,clean,False,
v2_case_001_doc_received_p002,received_records_001.pdf,2,received_records,visit_note,case_001,cluster_001_exact_rendered,native_text,none,clean,False,
v2_case_001_doc_email_p001,email_attachments_001.pdf,1,email_records,visit_note,case_001,cluster_001_exact_rendered,native_text,none,clean,False,
v2_case_002_received_format_a,received_records_001.pdf,3,received_records,visit_note,case_002,cluster_002_same_text_format,native_text,none,clean,False,
v2_case_002_ere_format_b,ere_batch_001.pdf,1,ere_records,visit_note,case_002,cluster_002_same_text_format,native_text,none,clean,False,
v2_case_002_email_format_c,email_attachments_001.pdf,2,email_records,visit_note,case_002,cluster_002_same_text_format,native_text,none,clean,False,
v2_case_003_email_clean,email_attachments_001.pdf,3,email_records,imaging_report,case_003,cluster_003_fax_degraded,native_text,none,clean,False,
v2_case_003_fax_degraded,fax_records_001.pdf,1,fax_records,imaging_report,case_003,cluster_003_fax_degraded,image_only,medium,fax_degraded,False,
v2_case_004_received_native,received_records_001.pdf,4,received_records,patient_instruction_page,case_004,cluster_004_ocr_only,native_text,none,clean,False,
v2_case_004_claimant_scan_easy,claimant_upload_camera_001.pdf,1,claimant_uploads,patient_instruction_page,case_004,cluster_004_ocr_only,image_only,easy,clean_scan,False,
v2_case_005_provider_clean,received_records_001.pdf,5,received_records,insurance_authorization,case_005,cluster_005_camera_crop,native_text,none,clean,False,
v2_case_005_claimant_camera,claimant_upload_camera_001.pdf,2,claimant_uploads,insurance_authorization,case_005,cluster_005_camera_crop,image_only,hard,camera_shadow_crop,False,
v2_case_006_same_template_visit_01,received_records_002.pdf,1,received_records,visit_note,case_006,,native_text,none,clean,False,same_template_different_visit
v2_case_006_same_template_visit_02,received_records_002.pdf,2,received_records,visit_note,case_006,,native_text,none,clean,False,same_template_different_visit
v2_case_006_same_template_visit_03,received_records_002.pdf,3,received_records,visit_note,case_006,,native_text,none,clean,False,same_template_different_visit
v2_case_006_same_template_visit_04,received_records_002.pdf,4,received_records,visit_note,case_006,,native_text,none,clean,False,same_template_different_visit
v2_case_006_same_template_visit_05,received_records_002.pdf,5,received_records,visit_note,case_006,,native_text,none,clean,False,same_template_different_visit
v2_case_006_same_template_visit_06,received_records_002.pdf,6,received_records,visit_note,case_006,,native_text,none,clean,False,same_template_different_visit
v2_case_006_same_template_visit_07,received_records_002.pdf,7,received_records,visit_note,case_006,,native_text,none,clean,False,same_template_different_visit
v2_case_006_same_template_visit_08,ere_batch_002.pdf,1,ere_records,visit_note,case_006,,native_text,none,clean,False,same_template_different_visit
v2_case_006_same_template_visit_09,ere_batch_002.pdf,2,ere_records,visit_note,case_006,,native_text,none,clean,False,same_template_different_visit
v2_case_006_same_template_visit_10,ere_batch_002.pdf,3,ere_records,visit_note,case_006,,native_text,none,clean,False,same_template_different_visit
v2_case_006_same_template_visit_11,ere_batch_002.pdf,4,ere_records,visit_note,case_006,,native_text,none,clean,False,same_template_different_visit
v2_case_006_same_template_visit_12,ere_batch_002.pdf,5,ere_records,visit_note,case_006,,native_text,none,clean,False,same_template_different_visit
v2_case_007_same_dx_diff_record_01,received_records_002.pdf,8,received_records,visit_note,case_007,,native_text,none,clean,False,same_diagnosis_different_record
v2_case_007_same_dx_diff_record_02,ere_batch_002.pdf,6,ere_records,visit_note,case_007,,native_text,none,clean,False,same_diagnosis_different_record
v2_case_007_same_dx_diff_record_03,email_duplicate_attachments_002.pdf,1,email_records,visit_note,case_007,,native_text,none,clean,False,same_diagnosis_different_record
v2_case_007_same_dx_diff_record_04,received_records_002.pdf,9,received_records,visit_note,case_007,,native_text,none,clean,False,same_diagnosis_different_record
v2_case_007_same_dx_diff_record_05,ere_batch_002.pdf,7,ere_records,visit_note,case_007,,native_text,none,clean,False,same_diagnosis_different_record
v2_case_007_same_dx_diff_record_06,email_duplicate_attachments_002.pdf,2,email_records,visit_note,case_007,,native_text,none,clean,False,same_diagnosis_different_record
v2_case_007_same_dx_diff_record_07,received_records_002.pdf,10,received_records,visit_note,case_007,,native_text,none,clean,False,same_diagnosis_different_record
v2_case_007_same_dx_diff_record_08,ere_batch_002.pdf,8,ere_records,visit_note,case_007,,native_text,none,clean,False,same_diagnosis_different_record
v2_case_007_same_dx_diff_record_09,email_duplicate_attachments_002.pdf,3,email_records,visit_note,case_007,,native_text,none,clean,False,same_diagnosis_different_record
v2_case_007_same_dx_diff_record_10,received_records_002.pdf,11,received_records,visit_note,case_007,,native_text,none,clean,False,same_diagnosis_different_record
v2_case_007_same_dx_diff_record_11,ere_batch_002.pdf,9,ere_records,visit_note,case_007,,native_text,none,clean,False,same_diagnosis_different_record
v2_case_007_same_dx_diff_record_12,email_duplicate_attachments_002.pdf,4,email_records,visit_note,case_007,,native_text,none,clean,False,same_diagnosis_different_record
v2_case_007_same_dx_diff_record_13,received_records_002.pdf,12,received_records,visit_note,case_007,,native_text,none,clean,False,same_diagnosis_different_record
v2_case_007_same_dx_diff_record_14,ere_batch_002.pdf,10,ere_records,visit_note,case_007,,native_text,none,clean,False,same_diagnosis_different_record
v2_case_007_same_dx_diff_record_15,email_duplicate_attachments_002.pdf,5,email_records,visit_note,case_007,,native_text,none,clean,False,same_diagnosis_different_record
v2_case_008_med_trap_visit_01,received_records_002.pdf,13,received_records,visit_note,case_008,,native_text,none,clean,False,same_medication_list_different_context
v2_case_008_med_trap_visit_02,received_records_followups_003.pdf,1,received_records,visit_note,case_008,,native_text,none,clean,False,same_medication_list_different_context
v2_case_008_med_trap_visit_03,ere_batch_002.pdf,11,ere_records,visit_note,case_008,,native_text,none,clean,False,same_medication_list_different_context
v2_case_008_med_trap_visit_04,email_duplicate_attachments_002.pdf,6,email_records,visit_note,case_008,,native_text,none,clean,False,same_medication_list_different_context
v2_case_008_med_trap_visit_05,received_records_002.pdf,14,received_records,visit_note,case_008,,native_text,none,clean,False,same_medication_list_different_context
v2_case_008_med_trap_visit_06,received_records_followups_003.pdf,2,received_records,visit_note,case_008,,native_text,none,clean,False,same_medication_list_different_context
v2_case_008_med_trap_visit_07,ere_batch_002.pdf,12,ere_records,visit_note,case_008,,native_text,none,clean,False,same_medication_list_different_context
v2_case_008_med_trap_visit_08,email_duplicate_attachments_002.pdf,7,email_records,visit_note,case_008,,native_text,none,clean,False,same_medication_list_different_context
v2_case_008_med_trap_visit_09,received_records_002.pdf,15,received_records,visit_note,case_008,,native_text,none,clean,False,same_medication_list_different_context
v2_case_008_med_trap_visit_10,received_records_followups_003.pdf,3,received_records,visit_note,case_008,,native_text,none,clean,False,same_medication_list_different_context
v2_case_008_med_trap_visit_11,ere_batch_002.pdf,13,ere_records,visit_note,case_008,,native_text,none,clean,False,same_medication_list_different_context
v2_case_008_med_trap_visit_12,email_duplicate_attachments_002.pdf,8,email_records,visit_note,case_008,,native_text,none,clean,False,same_medication_list_different_context
v2_case_008_med_trap_visit_13,received_records_002.pdf,16,received_records,visit_note,case_008,,native_text,none,clean,False,same_medication_list_different_context
v2_case_008_med_trap_visit_14,received_records_followups_003.pdf,4,received_records,visit_note,case_008,,native_text,none,clean,False,same_medication_list_different_context
v2_case_008_med_trap_visit_15,ere_batch_002.pdf,14,ere_records,visit_note,case_008,,native_text,none,clean,False,same_medication_list_different_context
v2_case_008_med_trap_visit_16,email_duplicate_attachments_002.pdf,9,email_records,visit_note,case_008,,native_text,none,clean,False,same_medication_list_different_context
v2_case_008_med_trap_visit_17,received_records_002.pdf,17,received_records,visit_note,case_008,,native_text,none,clean,False,same_medication_list_different_context
v2_case_008_med_trap_visit_18,received_records_followups_003.pdf,5,received_records,visit_note,case_008,,native_text,none,clean,False,same_medication_list_different_context
v2_case_009_fax_cover_01,fax_records_001.pdf,2,fax_records,cover_sheet,case_009,,image_only,medium,fax_cover,True,same_cover_template_different_fax
v2_case_009_fax_cover_02,fax_records_001.pdf,3,fax_records,cover_sheet,case_009,,image_only,medium,fax_cover,True,same_cover_template_different_fax
v2_case_009_fax_cover_03,fax_records_001.pdf,4,fax_records,cover_sheet,case_009,,image_only,medium,fax_cover,True,same_cover_template_different_fax
v2_case_009_fax_cover_04,fax_records_001.pdf,5,fax_records,cover_sheet,case_009,,image_only,medium,fax_cover,True,same_cover_template_different_fax
v2_case_009_fax_cover_05,fax_records_001.pdf,6,fax_records,cover_sheet,case_009,,image_only,medium,fax_cover,True,same_cover_template_different_fax
v2_case_009_fax_cover_06,fax_records_001.pdf,7,fax_records,cover_sheet,case_009,,image_only,medium,fax_cover,True,same_cover_template_different_fax
v2_case_009_fax_cover_07,fax_records_001.pdf,8,fax_records,cover_sheet,case_009,,image_only,medium,fax_cover,True,same_cover_template_different_fax
v2_case_009_fax_cover_08,fax_records_001.pdf,9,fax_records,cover_sheet,case_009,,image_only,medium,fax_cover,True,same_cover_template_different_fax
v2_case_009_fax_cover_09,fax_records_002.pdf,1,fax_records,cover_sheet,case_009,,image_only,medium,fax_cover,True,same_cover_template_different_fax
v2_case_009_fax_cover_10,fax_records_002.pdf,2,fax_records,cover_sheet,case_009,,image_only,medium,fax_cover,True,same_cover_template_different_fax
v2_case_009_fax_cover_11,fax_records_002.pdf,3,fax_records,cover_sheet,case_009,,image_only,medium,fax_cover,True,same_cover_template_different_fax
v2_case_009_fax_cover_12,fax_records_002.pdf,4,fax_records,cover_sheet,case_009,,image_only,medium,fax_cover,True,same_cover_template_different_fax
v2_case_009_fax_cover_13,fax_records_002.pdf,5,fax_records,cover_sheet,case_009,,image_only,medium,fax_cover,True,same_cover_template_different_fax
v2_case_009_fax_cover_14,fax_records_002.pdf,6,fax_records,cover_sheet,case_009,,image_only,medium,fax_cover,True,same_cover_template_different_fax
v2_case_009_identical_cover_a,fax_records_002.pdf,7,fax_records,cover_sheet,case_009,cluster_009_lowinfo_identical_cover,image_only,medium,fax_cover,True,
v2_case_009_identical_cover_b,fax_records_002.pdf,8,fax_records,cover_sheet,case_009,cluster_009_lowinfo_identical_cover,image_only,medium,fax_cover,True,
v2_case_010_lab_layout_diff_values_01,received_records_followups_003.pdf,6,received_records,lab_result,case_010,,native_text,none,clean,False,same_lab_layout_different_values
v2_case_010_lab_layout_diff_values_02,ere_batch_002.pdf,15,ere_records,lab_result,case_010,,native_text,none,clean,False,same_lab_layout_different_values
v2_case_010_lab_layout_diff_values_03,email_duplicate_attachments_002.pdf,10,email_records,lab_result,case_010,,native_text,none,clean,False,same_lab_layout_different_values
v2_case_010_lab_layout_diff_values_04,fax_records_001.pdf,10,fax_records,lab_result,case_010,,image_only,medium,fax_lab,False,same_lab_layout_different_values
v2_case_010_lab_layout_diff_values_05,received_records_followups_003.pdf,7,received_records,lab_result,case_010,,native_text,none,clean,False,same_lab_layout_different_values
v2_case_010_lab_layout_diff_values_06,ere_batch_002.pdf,16,ere_records,lab_result,case_010,,native_text,none,clean,False,same_lab_layout_different_values
v2_case_010_lab_layout_diff_values_07,email_duplicate_attachments_002.pdf,11,email_records,lab_result,case_010,,native_text,none,clean,False,same_lab_layout_different_values
v2_case_010_lab_layout_diff_values_08,fax_records_001.pdf,11,fax_records,lab_result,case_010,,image_only,medium,fax_lab,False,same_lab_layout_different_values
v2_case_010_lab_layout_diff_values_09,received_records_followups_003.pdf,8,received_records,lab_result,case_010,,native_text,none,clean,False,same_lab_layout_different_values
v2_case_010_lab_layout_diff_values_10,ere_batch_002.pdf,17,ere_records,lab_result,case_010,,native_text,none,clean,False,same_lab_layout_different_values
v2_case_010_lab_layout_diff_values_11,email_duplicate_attachments_002.pdf,12,email_records,lab_result,case_010,,native_text,none,clean,False,same_lab_layout_different_values
v2_case_010_lab_layout_diff_values_12,fax_records_001.pdf,12,fax_records,lab_result,case_010,,image_only,medium,fax_lab,False,same_lab_layout_different_values
v2_case_010_lab_layout_diff_values_13,received_records_followups_003.pdf,9,received_records,lab_result,case_010,,native_text,none,clean,False,same_lab_layout_different_values
v2_case_010_lab_layout_diff_values_14,ere_batch_002.pdf,18,ere_records,lab_result,case_010,,native_text,none,clean,False,same_lab_layout_different_values
v2_case_010_lab_layout_diff_values_15,email_duplicate_attachments_002.pdf,13,email_records,lab_result,case_010,,native_text,none,clean,False,same_lab_layout_different_values
v2_case_010_lab_layout_diff_values_16,fax_records_001.pdf,13,fax_records,lab_result,case_010,,image_only,medium,fax_lab,False,same_lab_layout_different_values
v2_case_010_lab_layout_diff_values_17,received_records_followups_003.pdf,10,received_records,lab_result,case_010,,native_text,none,clean,False,same_lab_layout_different_values
v2_case_010_lab_layout_diff_values_18,ere_batch_002.pdf,19,ere_records,lab_result,case_010,,native_text,none,clean,False,same_lab_layout_different_values
v2_case_010_lab_layout_diff_values_19,email_duplicate_attachments_002.pdf,14,email_records,lab_result,case_010,,native_text,none,clean,False,same_lab_layout_different_values
v2_case_010_lab_layout_diff_values_20,fax_records_001.pdf,14,fax_records,lab_result,case_010,,image_only,medium,fax_lab,False,same_lab_layout_different_values
v2_case_011_imaging_template_diff_01,received_records_followups_003.pdf,11,received_records,imaging_report,case_011,,native_text,none,clean,False,same_imaging_template_different_findings
v2_case_011_imaging_template_diff_02,ere_batch_002.pdf,20,ere_records,imaging_report,case_011,,native_text,none,clean,False,same_imaging_template_different_findings
v2_case_011_imaging_template_diff_03,email_duplicate_attachments_002.pdf,15,email_records,imaging_report,case_011,,native_text,none,clean,False,same_imaging_template_different_findings
v2_case_011_imaging_template_diff_04,fax_records_002.pdf,9,fax_records,imaging_report,case_011,,image_only,medium,fax_imaging,False,same_imaging_template_different_findings
v2_case_011_imaging_template_diff_05,received_records_followups_003.pdf,12,received_records,imaging_report,case_011,,native_text,none,clean,False,same_imaging_template_different_findings
v2_case_011_imaging_template_diff_06,ere_batch_002.pdf,21,ere_records,imaging_report,case_011,,native_text,none,clean,False,same_imaging_template_different_findings
v2_case_011_imaging_template_diff_07,email_duplicate_attachments_002.pdf,16,email_records,imaging_report,case_011,,native_text,none,clean,False,same_imaging_template_different_findings
v2_case_011_imaging_template_diff_08,fax_records_002.pdf,10,fax_records,imaging_report,case_011,,image_only,medium,fax_imaging,False,same_imaging_template_different_findings
v2_case_011_imaging_template_diff_09,received_records_followups_003.pdf,13,received_records,imaging_report,case_011,,native_text,none,clean,False,same_imaging_template_different_findings
v2_case_011_imaging_template_diff_10,ere_batch_002.pdf,22,ere_records,imaging_report,case_011,,native_text,none,clean,False,same_imaging_template_different_findings
v2_case_011_imaging_template_diff_11,email_duplicate_attachments_002.pdf,17,email_records,imaging_report,case_011,,native_text,none,clean,False,same_imaging_template_different_findings
v2_case_011_imaging_template_diff_12,fax_records_002.pdf,11,fax_records,imaging_report,case_011,,image_only,medium,fax_imaging,False,same_imaging_template_different_findings
v2_case_011_imaging_template_diff_13,received_records_followups_003.pdf,14,received_records,imaging_report,case_011,,native_text,none,clean,False,same_imaging_template_different_findings
v2_case_011_imaging_template_diff_14,ere_batch_002.pdf,23,ere_records,imaging_report,case_011,,native_text,none,clean,False,same_imaging_template_different_findings
v2_case_011_imaging_template_diff_15,email_duplicate_attachments_002.pdf,18,email_records,imaging_report,case_011,,native_text,none,clean,False,same_imaging_template_different_findings
v2_case_011_imaging_template_diff_16,fax_records_002.pdf,12,fax_records,imaging_report,case_011,,image_only,medium,fax_imaging,False,same_imaging_template_different_findings
v2_case_012_med_list_only,received_records_001.pdf,6,received_records,medication_list,case_012,,native_text,none,clean,False,
v2_case_012_visit_summary_with_med_list,received_records_001.pdf,7,received_records,visit_note,case_012,,native_text,none,clean,False,
v2_case_013_prior_dx_summary,email_attachments_001.pdf,4,email_records,diagnosis_summary,case_013,,native_text,none,clean,False,
v2_case_013_discharge_repeats_dx,received_records_002.pdf,18,received_records,discharge_summary,case_013,,native_text,none,clean,False,
v2_case_013_lab_table_only,email_attachments_001.pdf,5,email_records,lab_result,case_013,,native_text,none,clean,False,
v2_case_013_visit_summary_with_lab_table,received_records_001.pdf,8,received_records,visit_summary,case_013,,native_text,none,clean,False,
v2_case_013_full_visit_note,received_records_002.pdf,19,received_records,visit_note,case_013,,native_text,none,clean,False,
v2_case_013_split_note_extract,ere_batch_001.pdf,2,ere_records,visit_note_extract,case_013,,native_text,none,clean,False,
v2_case_013_full_instruction_page,received_records_followups_003.pdf,15,received_records,patient_instruction_page,case_013,,native_text,none,clean,False,
v2_case_013_cropped_half_instruction,claimant_upload_camera_001.pdf,3,claimant_uploads,patient_instruction_page,case_013,,image_only,hard,cropped_half_camera_scan,False,
v2_case_014_received_packet_p001,received_records_002.pdf,20,received_records,cover_sheet,case_014,cluster_014_packet_page_01,native_text,none,clean,False,
v2_case_014_ere_embedded_packet_p001,ere_reordered_batch_003.pdf,1,ere_records,cover_sheet,case_014,cluster_014_packet_page_01,native_text,none,clean,False,
v2_case_014_received_packet_p002,received_records_002.pdf,21,received_records,visit_note,case_014,cluster_014_packet_page_02,native_text,none,clean,False,
v2_case_014_ere_embedded_packet_p002,ere_reordered_batch_003.pdf,2,ere_records,visit_note,case_014,cluster_014_packet_page_02,native_text,none,clean,False,
v2_case_014_received_packet_p003,received_records_002.pdf,22,received_records,lab_result,case_014,cluster_014_packet_page_03,native_text,none,clean,False,
v2_case_014_ere_embedded_packet_p003,ere_reordered_batch_003.pdf,3,ere_records,lab_result,case_014,cluster_014_packet_page_03,native_text,none,clean,False,
v2_case_014_received_packet_p004,received_records_002.pdf,23,received_records,imaging_report,case_014,cluster_014_packet_page_04,native_text,none,clean,False,
v2_case_014_ere_embedded_packet_p004,ere_reordered_batch_003.pdf,4,ere_records,imaging_report,case_014,cluster_014_packet_page_04,native_text,none,clean,False,
v2_case_014_received_packet_p005,received_records_002.pdf,24,received_records,patient_instruction_page,case_014,cluster_014_packet_page_05,native_text,none,clean,False,
v2_case_014_ere_embedded_packet_p005,ere_reordered_batch_003.pdf,5,ere_records,patient_instruction_page,case_014,cluster_014_packet_page_05,native_text,none,clean,False,
v2_case_014_ere_noise_01,ere_reordered_batch_003.pdf,6,ere_records,cover_sheet,case_014,,native_text,none,clean,False,batch_noise_same_source
v2_case_014_ere_noise_02,ere_reordered_batch_003.pdf,7,ere_records,visit_note,case_014,,native_text,none,clean,False,batch_noise_same_source
v2_case_014_ere_noise_03,ere_reordered_batch_003.pdf,8,ere_records,visit_note,case_014,,native_text,none,clean,False,batch_noise_same_source
v2_case_014_ere_noise_04,ere_reordered_batch_003.pdf,9,ere_records,visit_note,case_014,,native_text,none,clean,False,batch_noise_same_source
v2_case_014_ere_noise_05,ere_reordered_batch_003.pdf,10,ere_records,visit_note,case_014,,native_text,none,clean,False,batch_noise_same_source
v2_case_014_ere_noise_06,ere_reordered_batch_003.pdf,11,ere_records,cover_sheet,case_014,,native_text,none,clean,False,batch_noise_same_source
v2_case_014_ere_noise_07,ere_reordered_batch_003.pdf,12,ere_records,visit_note,case_014,,native_text,none,clean,False,batch_noise_same_source
v2_case_014_ere_noise_08,ere_reordered_batch_003.pdf,13,ere_records,visit_note,case_014,,native_text,none,clean,False,batch_noise_same_source
v2_case_014_ere_noise_09,ere_reordered_batch_003.pdf,14,ere_records,visit_note,case_014,,native_text,none,clean,False,batch_noise_same_source
v2_case_014_ere_noise_10,ere_reordered_batch_003.pdf,15,ere_records,visit_note,case_014,,native_text,none,clean,False,batch_noise_same_source
v2_case_014_ere_noise_11,ere_reordered_batch_003.pdf,16,ere_records,cover_sheet,case_014,,native_text,none,clean,False,batch_noise_same_source
v2_case_014_ere_noise_12,ere_reordered_batch_003.pdf,17,ere_records,visit_note,case_014,,native_text,none,clean,False,batch_noise_same_source
v2_case_014_ere_noise_13,ere_reordered_batch_003.pdf,18,ere_records,visit_note,case_014,,native_text,none,clean,False,batch_noise_same_source
v2_case_014_ere_noise_14,ere_reordered_batch_003.pdf,19,ere_records,visit_note,case_014,,native_text,none,clean,False,batch_noise_same_source
v2_case_014_ere_noise_15,ere_reordered_batch_003.pdf,20,ere_records,visit_note,case_014,,native_text,none,clean,False,batch_noise_same_source
v2_case_016_low_info_01,received_records_followups_003.pdf,16,received_records,blank_page,case_016,cluster_016_blank_pages,native_text,none,clean,True,
v2_case_016_low_info_02,ere_batch_001.pdf,3,ere_records,separator_page,case_016,,native_text,none,clean,True,
v2_case_016_low_info_03,fax_records_002.pdf,13,fax_records,signature_page,case_016,,image_only,medium,low_information_scan,True,
v2_case_016_low_info_04,claimant_upload_mixed_002.pdf,1,claimant_uploads,blank_page,case_016,cluster_016_blank_pages,image_only,medium,low_information_scan,True,
v2_case_016_low_info_05,email_duplicate_attachments_002.pdf,19,email_records,separator_page,case_016,,native_text,none,clean,True,
v2_case_016_low_info_06,received_records_followups_003.pdf,17,received_records,signature_page,case_016,,native_text,none,clean,True,
v2_case_016_low_info_07,ere_batch_001.pdf,4,ere_records,blank_page,case_016,cluster_016_blank_pages,native_text,none,clean,True,
v2_case_016_low_info_08,fax_records_002.pdf,14,fax_records,separator_page,case_016,,image_only,medium,low_information_scan,True,
v2_case_016_low_info_09,claimant_upload_mixed_002.pdf,2,claimant_uploads,signature_page,case_016,,image_only,medium,low_information_scan,True,
v2_case_016_low_info_10,email_duplicate_attachments_002.pdf,20,email_records,blank_page,case_016,cluster_016_blank_pages,native_text,none,clean,True,
v2_case_016_low_info_11,received_records_followups_003.pdf,18,received_records,separator_page,case_016,,native_text,none,clean,True,
v2_case_016_low_info_12,ere_batch_001.pdf,5,ere_records,signature_page,case_016,,native_text,none,clean,True,
v2_case_016_low_info_13,fax_records_002.pdf,15,fax_records,blank_page,case_016,cluster_016_blank_pages,image_only,medium,low_information_scan,True,
v2_case_016_low_info_14,claimant_upload_mixed_002.pdf,3,claimant_uploads,separator_page,case_016,,image_only,medium,low_information_scan,True,
v2_case_016_low_info_15,email_duplicate_attachments_002.pdf,21,email_records,signature_page,case_016,,native_text,none,clean,True,
v2_case_016_low_info_16,received_records_followups_003.pdf,19,received_records,blank_page,case_016,cluster_016_blank_pages,native_text,none,clean,True,
v2_case_016_low_info_17,ere_batch_001.pdf,6,ere_records,separator_page,case_016,,native_text,none,clean,True,
v2_case_016_low_info_18,fax_records_002.pdf,16,fax_records,signature_page,case_016,,image_only,medium,low_information_scan,True,
v2_case_016_low_info_19,claimant_upload_mixed_002.pdf,4,claimant_uploads,blank_page,case_016,cluster_016_blank_pages,image_only,medium,low_information_scan,True,
v2_case_016_low_info_20,email_duplicate_attachments_002.pdf,22,email_records,separator_page,case_016,,native_text,none,clean,True,
v2_case_016_low_info_21,received_records_followups_003.pdf,20,received_records,signature_page,case_016,,native_text,none,clean,True,
v2_case_016_low_info_22,ere_batch_001.pdf,7,ere_records,blank_page,case_016,cluster_016_blank_pages,native_text,none,clean,True,
v2_case_017_clean_procedure,received_records_followups_003.pdf,21,received_records,procedure_note,case_017,cluster_017_source_noise,native_text,none,clean,False,
v2_case_017_ere_stamped_procedure,ere_batch_001.pdf,8,ere_records,procedure_note,case_017,cluster_017_source_noise,native_text,none,clean,False,
v2_case_017_fax_border_procedure,fax_records_001.pdf,15,fax_records,procedure_note,case_017,cluster_017_source_noise,image_only,medium,fax_degraded,False,
v2_case_018_same_visit_page_1,received_records_002.pdf,25,received_records,visit_note,case_018,,native_text,none,clean,False,
v2_case_018_same_visit_page_2,received_records_002.pdf,26,received_records,visit_note_continuation,case_018,,native_text,none,clean,False,
v2_case_019_original_text,email_duplicate_attachments_002.pdf,23,email_records,visit_note,case_019,cluster_019_paraphrase,native_text,none,clean,False,
v2_case_019_paraphrased_text,received_records_followups_003.pdf,22,received_records,visit_note,case_019,cluster_019_paraphrase,native_text,none,clean,False,
v2_case_019_expanded_medical_terms,received_records_001.pdf,9,received_records,visit_note,case_019,cluster_019_abbreviation_variants,native_text,none,clean,False,
v2_case_019_abbreviated_medical_terms,ere_batch_002.pdf,24,ere_records,visit_note,case_019,cluster_019_abbreviation_variants,native_text,none,clean,False,
v2_case_020_native_clean,received_records_followups_003.pdf,23,received_records,visit_note,case_020,cluster_020_ocr_trap,native_text,none,clean,False,
v2_case_020_image_ocr_trap,claimant_upload_mixed_002.pdf,5,claimant_uploads,visit_note,case_020,cluster_020_ocr_trap,image_only,trap,ocr_trap_scan,False,
v2_case_015_explosion_visit_001,received_records_002.pdf,27,received_records,visit_note,case_015,,native_text,none,clean,False,same_template_boilerplate_medlist
v2_case_015_explosion_visit_002,received_records_followups_003.pdf,24,received_records,visit_note,case_015,,native_text,none,clean,False,same_template_boilerplate_medlist
v2_case_015_explosion_visit_003,ere_batch_001.pdf,9,ere_records,visit_note,case_015,,native_text,none,clean,False,same_template_boilerplate_medlist
v2_case_015_explosion_visit_004,ere_batch_002.pdf,25,ere_records,visit_note,case_015,,native_text,none,clean,False,same_template_boilerplate_medlist
v2_case_015_explosion_visit_005,email_attachments_001.pdf,6,email_records,visit_note,case_015,,native_text,none,clean,False,same_template_boilerplate_medlist
v2_case_015_explosion_visit_006,email_duplicate_attachments_002.pdf,24,email_records,visit_note,case_015,,native_text,none,clean,False,same_template_boilerplate_medlist
v2_case_015_explosion_visit_007,received_records_002.pdf,28,received_records,visit_note,case_015,,native_text,none,clean,False,same_template_boilerplate_medlist
v2_case_015_explosion_visit_008,received_records_followups_003.pdf,25,received_records,visit_note,case_015,,native_text,none,clean,False,same_template_boilerplate_medlist
v2_case_015_explosion_visit_009,ere_batch_001.pdf,10,ere_records,visit_note,case_015,,native_text,none,clean,False,same_template_boilerplate_medlist
v2_case_015_explosion_visit_010,ere_batch_002.pdf,26,ere_records,visit_note,case_015,,native_text,none,clean,False,same_template_boilerplate_medlist
v2_case_015_explosion_visit_011,email_attachments_001.pdf,7,email_records,visit_note,case_015,,native_text,none,clean,False,same_template_boilerplate_medlist
v2_case_015_explosion_visit_012,email_duplicate_attachments_002.pdf,25,email_records,visit_note,case_015,,native_text,none,clean,False,same_template_boilerplate_medlist
v2_case_015_explosion_visit_013,received_records_002.pdf,29,received_records,visit_note,case_015,,native_text,none,clean,False,same_template_boilerplate_medlist
v2_case_015_explosion_visit_014,received_records_followups_003.pdf,26,received_records,visit_note,case_015,,native_text,none,clean,False,same_template_boilerplate_medlist
v2_case_015_explosion_visit_015,ere_batch_001.pdf,11,ere_records,visit_note,case_015,,native_text,none,clean,False,same_template_boilerplate_medlist
v2_case_015_explosion_visit_016,ere_batch_002.pdf,27,ere_records,visit_note,case_015,,native_text,none,clean,False,same_template_boilerplate_medlist
v2_case_015_explosion_visit_017,email_attachments_001.pdf,8,email_records,visit_note,case_015,,native_text,none,clean,False,same_template_boilerplate_medlist
v2_case_015_explosion_visit_018,email_duplicate_attachments_002.pdf,26,email_records,visit_note,case_015,,native_text,none,clean,False,same_template_boilerplate_medlist
v2_case_015_explosion_visit_019,received_records_002.pdf,30,received_records,visit_note,case_015,,native_text,none,clean,False,same_template_boilerplate_medlist
v2_case_015_explosion_visit_020,received_records_followups_003.pdf,27,received_records,visit_note,case_015,,native_text,none,clean,False,same_template_boilerplate_medlist
v2_case_015_explosion_visit_021,ere_batch_001.pdf,12,ere_records,visit_note,case_015,,native_text,none,clean,False,same_template_boilerplate_medlist
v2_case_015_explosion_visit_022,ere_batch_002.pdf,28,ere_records,visit_note,case_015,,native_text,none,clean,False,same_template_boilerplate_medlist
v2_case_015_explosion_visit_023,email_attachments_001.pdf,9,email_records,visit_note,case_015,,native_text,none,clean,False,same_template_boilerplate_medlist
v2_case_015_explosion_visit_024,email_duplicate_attachments_002.pdf,27,email_records,visit_note,case_015,,native_text,none,clean,False,same_template_boilerplate_medlist
v2_case_015_explosion_visit_025,received_records_002.pdf,31,received_records,visit_note,case_015,,native_text,none,clean,False,same_template_boilerplate_medlist
v2_case_015_explosion_visit_026,received_records_followups_003.pdf,28,received_records,visit_note,case_015,,native_text,none,clean,False,same_template_boilerplate_medlist
v2_case_015_explosion_visit_027,ere_batch_001.pdf,13,ere_records,visit_note,case_015,,native_text,none,clean,False,same_template_boilerplate_medlist
v2_case_015_explosion_visit_028,ere_batch_002.pdf,29,ere_records,visit_note,case_015,,native_text,none,clean,False,same_template_boilerplate_medlist
v2_case_015_explosion_visit_029,email_attachments_001.pdf,10,email_records,visit_note,case_015,,native_text,none,clean,False,same_template_boilerplate_medlist
v2_case_015_explosion_visit_030,email_duplicate_attachments_002.pdf,28,email_records,visit_note,case_015,,native_text,none,clean,False,same_template_boilerplate_medlist
v2_case_015_explosion_visit_031,received_records_002.pdf,32,received_records,visit_note,case_015,,native_text,none,clean,False,same_template_boilerplate_medlist
v2_case_015_explosion_visit_032,received_records_followups_003.pdf,29,received_records,visit_note,case_015,,native_text,none,clean,False,same_template_boilerplate_medlist
v2_case_015_explosion_visit_033,ere_batch_001.pdf,14,ere_records,visit_note,case_015,,native_text,none,clean,False,same_template_boilerplate_medlist
v2_case_015_explosion_visit_034,ere_batch_002.pdf,30,ere_records,visit_note,case_015,,native_text,none,clean,False,same_template_boilerplate_medlist
v2_case_015_explosion_visit_035,email_attachments_001.pdf,11,email_records,visit_note,case_015,,native_text,none,clean,False,same_template_boilerplate_medlist
v2_case_015_explosion_visit_036,email_duplicate_attachments_002.pdf,29,email_records,visit_note,case_015,,native_text,none,clean,False,same_template_boilerplate_medlist
v2_case_015_explosion_visit_037,received_records_002.pdf,33,received_records,visit_note,case_015,,native_text,none,clean,False,same_template_boilerplate_medlist
v2_case_015_explosion_visit_038,received_records_followups_003.pdf,30,received_records,visit_note,case_015,,native_text,none,clean,False,same_template_boilerplate_medlist
v2_case_015_explosion_visit_039,ere_batch_001.pdf,15,ere_records,visit_note,case_015,,native_text,none,clean,False,same_template_boilerplate_medlist
v2_case_015_explosion_visit_040,ere_batch_002.pdf,31,ere_records,visit_note,case_015,,native_text,none,clean,False,same_template_boilerplate_medlist
v2_case_015_explosion_visit_041,email_attachments_001.pdf,12,email_records,visit_note,case_015,,native_text,none,clean,False,same_template_boilerplate_medlist
v2_case_015_explosion_visit_042,email_duplicate_attachments_002.pdf,30,email_records,visit_note,case_015,,native_text,none,clean,False,same_template_boilerplate_medlist
v2_case_015_explosion_visit_043,received_records_002.pdf,34,received_records,visit_note,case_015,,native_text,none,clean,False,same_template_boilerplate_medlist
v2_case_015_explosion_visit_044,received_records_followups_003.pdf,31,received_records,visit_note,case_015,,native_text,none,clean,False,same_template_boilerplate_medlist
v2_case_015_explosion_visit_045,ere_batch_001.pdf,16,ere_records,visit_note,case_015,,native_text,none,clean,False,same_template_boilerplate_medlist
v2_case_015_explosion_visit_046,ere_batch_002.pdf,32,ere_records,visit_note,case_015,,native_text,none,clean,False,same_template_boilerplate_medlist
v2_case_015_explosion_visit_047,email_attachments_001.pdf,13,email_records,visit_note,case_015,,native_text,none,clean,False,same_template_boilerplate_medlist
v2_case_015_explosion_visit_048,email_duplicate_attachments_002.pdf,31,email_records,visit_note,case_015,,native_text,none,clean,False,same_template_boilerplate_medlist
v2_case_015_explosion_visit_049,received_records_002.pdf,35,received_records,visit_note,case_015,,native_text,none,clean,False,same_template_boilerplate_medlist
v2_case_015_explosion_visit_050,received_records_followups_003.pdf,32,received_records,visit_note,case_015,,native_text,none,clean,False,same_template_boilerplate_medlist
v2_case_015_explosion_visit_051,ere_batch_001.pdf,17,ere_records,visit_note,case_015,,native_text,none,clean,False,same_template_boilerplate_medlist
v2_case_015_explosion_visit_052,ere_batch_002.pdf,33,ere_records,visit_note,case_015,,native_text,none,clean,False,same_template_boilerplate_medlist
v2_case_015_explosion_visit_053,email_attachments_001.pdf,14,email_records,visit_note,case_015,,native_text,none,clean,False,same_template_boilerplate_medlist
v2_case_015_explosion_visit_054,email_duplicate_attachments_002.pdf,32,email_records,visit_note,case_015,,native_text,none,clean,False,same_template_boilerplate_medlist
v2_case_015_explosion_visit_055,received_records_002.pdf,36,received_records,visit_note,case_015,,native_text,none,clean,False,same_template_boilerplate_medlist
v2_case_015_explosion_visit_056,received_records_followups_003.pdf,33,received_records,visit_note,case_015,,native_text,none,clean,False,same_template_boilerplate_medlist
v2_case_015_explosion_visit_057,ere_batch_001.pdf,18,ere_records,visit_note,case_015,,native_text,none,clean,False,same_template_boilerplate_medlist
v2_case_015_explosion_visit_058,ere_batch_002.pdf,34,ere_records,visit_note,case_015,,native_text,none,clean,False,same_template_boilerplate_medlist
v2_case_015_explosion_visit_059,email_attachments_001.pdf,15,email_records,visit_note,case_015,,native_text,none,clean,False,same_template_boilerplate_medlist
v2_case_015_explosion_visit_060,email_duplicate_attachments_002.pdf,33,email_records,visit_note,case_015,,native_text,none,clean,False,same_template_boilerplate_medlist
v2_case_015_explosion_visit_061,received_records_002.pdf,37,received_records,visit_note,case_015,,native_text,none,clean,False,same_template_boilerplate_medlist
v2_case_015_explosion_visit_062,received_records_followups_003.pdf,34,received_records,visit_note,case_015,,native_text,none,clean,False,same_template_boilerplate_medlist
v2_case_015_explosion_visit_063,ere_batch_001.pdf,19,ere_records,visit_note,case_015,,native_text,none,clean,False,same_template_boilerplate_medlist
v2_case_015_explosion_visit_064,ere_batch_002.pdf,35,ere_records,visit_note,case_015,,native_text,none,clean,False,same_template_boilerplate_medlist
v2_case_015_explosion_visit_065,email_attachments_001.pdf,16,email_records,visit_note,case_015,,native_text,none,clean,False,same_template_boilerplate_medlist
v2_case_015_explosion_visit_066,email_duplicate_attachments_002.pdf,34,email_records,visit_note,case_015,,native_text,none,clean,False,same_template_boilerplate_medlist
v2_case_015_explosion_visit_067,received_records_002.pdf,38,received_records,visit_note,case_015,,native_text,none,clean,False,same_template_boilerplate_medlist
v2_case_015_explosion_visit_068,received_records_followups_003.pdf,35,received_records,visit_note,case_015,,native_text,none,clean,False,same_template_boilerplate_medlist
v2_case_015_explosion_visit_069,ere_batch_001.pdf,20,ere_records,visit_note,case_015,,native_text,none,clean,False,same_template_boilerplate_medlist
v2_case_015_explosion_visit_070,ere_batch_002.pdf,36,ere_records,visit_note,case_015,,native_text,none,clean,False,same_template_boilerplate_medlist
v2_case_015_standalone_med_trap_01,received_records_001.pdf,10,received_records,medication_list,case_015,,native_text,none,clean,False,standalone_med_list_repeated
v2_case_015_standalone_med_trap_02,ere_batch_001.pdf,21,ere_records,medication_list,case_015,,native_text,none,clean,False,standalone_med_list_repeated
v2_case_015_standalone_med_trap_03,email_duplicate_attachments_002.pdf,35,email_records,medication_list,case_015,,native_text,none,clean,False,standalone_med_list_repeated
v2_case_015_standalone_med_trap_04,claimant_upload_camera_001.pdf,4,claimant_uploads,medication_list,case_015,,image_only,hard,camera_med_list,False,standalone_med_list_repeated
v2_case_015_standalone_med_trap_05,received_records_001.pdf,11,received_records,medication_list,case_015,,native_text,none,clean,False,standalone_med_list_repeated
v2_case_015_standalone_med_trap_06,ere_batch_001.pdf,22,ere_records,medication_list,case_015,,native_text,none,clean,False,standalone_med_list_repeated
v2_case_015_standalone_med_trap_07,email_duplicate_attachments_002.pdf,36,email_records,medication_list,case_015,,native_text,none,clean,False,standalone_med_list_repeated
v2_case_015_standalone_med_trap_08,claimant_upload_camera_001.pdf,5,claimant_uploads,medication_list,case_015,,image_only,hard,camera_med_list,False,standalone_med_list_repeated
v2_case_015_standalone_med_trap_09,received_records_001.pdf,12,received_records,medication_list,case_015,,native_text,none,clean,False,standalone_med_list_repeated
v2_case_015_standalone_med_trap_10,ere_batch_001.pdf,23,ere_records,medication_list,case_015,,native_text,none,clean,False,standalone_med_list_repeated
v2_case_015_standalone_med_trap_11,email_duplicate_attachments_002.pdf,37,email_records,medication_list,case_015,,native_text,none,clean,False,standalone_med_list_repeated
v2_case_015_standalone_med_trap_12,claimant_upload_camera_001.pdf,6,claimant_uploads,medication_list,case_015,,image_only,hard,camera_med_list,False,standalone_med_list_repeated
v2_case_015_standalone_med_trap_13,received_records_001.pdf,13,received_records,medication_list,case_015,,native_text,none,clean,False,standalone_med_list_repeated
v2_case_015_standalone_med_trap_14,ere_batch_001.pdf,24,ere_records,medication_list,case_015,,native_text,none,clean,False,standalone_med_list_repeated
v2_case_015_standalone_med_trap_15,email_duplicate_attachments_002.pdf,38,email_records,medication_list,case_015,,native_text,none,clean,False,standalone_med_list_repeated
v2_case_015_standalone_med_trap_16,claimant_upload_camera_001.pdf,7,claimant_uploads,medication_list,case_015,,image_only,hard,camera_med_list,False,standalone_med_list_repeated
v2_case_015_standalone_med_trap_17,received_records_001.pdf,14,received_records,medication_list,case_015,,native_text,none,clean,False,standalone_med_list_repeated
v2_case_015_standalone_med_trap_18,ere_batch_001.pdf,25,ere_records,medication_list,case_015,,native_text,none,clean,False,standalone_med_list_repeated
v2_case_015_standalone_med_trap_19,email_duplicate_attachments_002.pdf,39,email_records,medication_list,case_015,,native_text,none,clean,False,standalone_med_list_repeated
v2_case_015_standalone_med_trap_20,claimant_upload_camera_001.pdf,8,claimant_uploads,medication_list,case_015,,image_only,hard,camera_med_list,False,standalone_med_list_repeated
v2_case_015_standalone_med_trap_21,received_records_001.pdf,15,received_records,medication_list,case_015,,native_text,none,clean,False,standalone_med_list_repeated
v2_case_015_standalone_med_trap_22,ere_batch_001.pdf,26,ere_records,medication_list,case_015,,native_text,none,clean,False,standalone_med_list_repeated
v2_case_015_standalone_med_trap_23,email_duplicate_attachments_002.pdf,40,email_records,medication_list,case_015,,native_text,none,clean,False,standalone_med_list_repeated
v2_case_015_standalone_med_trap_24,claimant_upload_camera_001.pdf,9,claimant_uploads,medication_list,case_015,,image_only,hard,camera_med_list,False,standalone_med_list_repeated
v2_case_015_explosion_lab_01,received_records_002.pdf,39,received_records,lab_result,case_015,,native_text,none,clean,False,same_lab_layout_different_values
v2_case_015_explosion_lab_02,ere_reordered_batch_003.pdf,21,ere_records,lab_result,case_015,,native_text,none,clean,False,same_lab_layout_different_values
v2_case_015_explosion_lab_03,email_attachments_001.pdf,17,email_records,lab_result,case_015,,native_text,none,clean,False,same_lab_layout_different_values
v2_case_015_explosion_lab_04,fax_records_001.pdf,16,fax_records,lab_result,case_015,,image_only,medium,fax_lab,False,same_lab_layout_different_values
v2_case_015_explosion_lab_05,received_records_002.pdf,40,received_records,lab_result,case_015,,native_text,none,clean,False,same_lab_layout_different_values
v2_case_015_explosion_lab_06,ere_reordered_batch_003.pdf,22,ere_records,lab_result,case_015,,native_text,none,clean,False,same_lab_layout_different_values
v2_case_015_explosion_lab_07,email_attachments_001.pdf,18,email_records,lab_result,case_015,,native_text,none,clean,False,same_lab_layout_different_values
v2_case_015_explosion_lab_08,fax_records_001.pdf,17,fax_records,lab_result,case_015,,image_only,medium,fax_lab,False,same_lab_layout_different_values
v2_case_015_explosion_lab_09,received_records_002.pdf,41,received_records,lab_result,case_015,,native_text,none,clean,False,same_lab_layout_different_values
v2_case_015_explosion_lab_10,ere_reordered_batch_003.pdf,23,ere_records,lab_result,case_015,,native_text,none,clean,False,same_lab_layout_different_values
v2_case_015_explosion_lab_11,email_attachments_001.pdf,19,email_records,lab_result,case_015,,native_text,none,clean,False,same_lab_layout_different_values
v2_case_015_explosion_lab_12,fax_records_001.pdf,18,fax_records,lab_result,case_015,,image_only,medium,fax_lab,False,same_lab_layout_different_values
v2_case_015_explosion_lab_13,received_records_002.pdf,42,received_records,lab_result,case_015,,native_text,none,clean,False,same_lab_layout_different_values
v2_case_015_explosion_lab_14,ere_reordered_batch_003.pdf,24,ere_records,lab_result,case_015,,native_text,none,clean,False,same_lab_layout_different_values
v2_case_015_explosion_lab_15,email_attachments_001.pdf,20,email_records,lab_result,case_015,,native_text,none,clean,False,same_lab_layout_different_values
v2_case_015_explosion_lab_16,fax_records_001.pdf,19,fax_records,lab_result,case_015,,image_only,medium,fax_lab,False,same_lab_layout_different_values
v2_case_015_explosion_lab_17,received_records_002.pdf,43,received_records,lab_result,case_015,,native_text,none,clean,False,same_lab_layout_different_values
v2_case_015_explosion_lab_18,ere_reordered_batch_003.pdf,25,ere_records,lab_result,case_015,,native_text,none,clean,False,same_lab_layout_different_values
v2_case_015_explosion_lab_19,email_attachments_001.pdf,21,email_records,lab_result,case_015,,native_text,none,clean,False,same_lab_layout_different_values
v2_case_015_explosion_lab_20,fax_records_001.pdf,20,fax_records,lab_result,case_015,,image_only,medium,fax_lab,False,same_lab_layout_different_values
v2_case_015_explosion_lab_21,received_records_002.pdf,44,received_records,lab_result,case_015,,native_text,none,clean,False,same_lab_layout_different_values
v2_case_015_explosion_lab_22,ere_reordered_batch_003.pdf,26,ere_records,lab_result,case_015,,native_text,none,clean,False,same_lab_layout_different_values
v2_case_015_explosion_lab_23,email_attachments_001.pdf,22,email_records,lab_result,case_015,,native_text,none,clean,False,same_lab_layout_different_values
v2_case_015_explosion_lab_24,fax_records_001.pdf,21,fax_records,lab_result,case_015,,image_only,medium,fax_lab,False,same_lab_layout_different_values
v2_case_015_explosion_lab_25,received_records_002.pdf,45,received_records,lab_result,case_015,,native_text,none,clean,False,same_lab_layout_different_values
v2_case_015_explosion_lab_26,ere_reordered_batch_003.pdf,27,ere_records,lab_result,case_015,,native_text,none,clean,False,same_lab_layout_different_values
v2_case_015_explosion_lab_27,email_attachments_001.pdf,23,email_records,lab_result,case_015,,native_text,none,clean,False,same_lab_layout_different_values
v2_case_015_explosion_lab_28,fax_records_001.pdf,22,fax_records,lab_result,case_015,,image_only,medium,fax_lab,False,same_lab_layout_different_values
v2_case_015_explosion_lab_29,received_records_002.pdf,46,received_records,lab_result,case_015,,native_text,none,clean,False,same_lab_layout_different_values
v2_case_015_explosion_lab_30,ere_reordered_batch_003.pdf,28,ere_records,lab_result,case_015,,native_text,none,clean,False,same_lab_layout_different_values
v2_case_015_explosion_lab_31,email_attachments_001.pdf,24,email_records,lab_result,case_015,,native_text,none,clean,False,same_lab_layout_different_values
v2_case_015_explosion_lab_32,fax_records_001.pdf,23,fax_records,lab_result,case_015,,image_only,medium,fax_lab,False,same_lab_layout_different_values
v2_case_015_explosion_imaging_01,received_records_followups_003.pdf,36,received_records,imaging_report,case_015,,native_text,none,clean,False,same_imaging_template_different_findings
v2_case_015_explosion_imaging_02,ere_batch_001.pdf,27,ere_records,imaging_report,case_015,,native_text,none,clean,False,same_imaging_template_different_findings
v2_case_015_explosion_imaging_03,email_duplicate_attachments_002.pdf,41,email_records,imaging_report,case_015,,native_text,none,clean,False,same_imaging_template_different_findings
v2_case_015_explosion_imaging_04,claimant_upload_mixed_002.pdf,6,claimant_uploads,imaging_report,case_015,,image_only,hard,camera_imaging,False,same_imaging_template_different_findings
v2_case_015_explosion_imaging_05,received_records_followups_003.pdf,37,received_records,imaging_report,case_015,,native_text,none,clean,False,same_imaging_template_different_findings
v2_case_015_explosion_imaging_06,ere_batch_001.pdf,28,ere_records,imaging_report,case_015,,native_text,none,clean,False,same_imaging_template_different_findings
v2_case_015_explosion_imaging_07,email_duplicate_attachments_002.pdf,42,email_records,imaging_report,case_015,,native_text,none,clean,False,same_imaging_template_different_findings
v2_case_015_explosion_imaging_08,claimant_upload_mixed_002.pdf,7,claimant_uploads,imaging_report,case_015,,image_only,hard,camera_imaging,False,same_imaging_template_different_findings
v2_case_015_explosion_imaging_09,received_records_followups_003.pdf,38,received_records,imaging_report,case_015,,native_text,none,clean,False,same_imaging_template_different_findings
v2_case_015_explosion_imaging_10,ere_batch_001.pdf,29,ere_records,imaging_report,case_015,,native_text,none,clean,False,same_imaging_template_different_findings
v2_case_015_explosion_imaging_11,email_duplicate_attachments_002.pdf,43,email_records,imaging_report,case_015,,native_text,none,clean,False,same_imaging_template_different_findings
v2_case_015_explosion_imaging_12,claimant_upload_mixed_002.pdf,8,claimant_uploads,imaging_report,case_015,,image_only,hard,camera_imaging,False,same_imaging_template_different_findings
v2_case_015_explosion_imaging_13,received_records_followups_003.pdf,39,received_records,imaging_report,case_015,,native_text,none,clean,False,same_imaging_template_different_findings
v2_case_015_explosion_imaging_14,ere_batch_001.pdf,30,ere_records,imaging_report,case_015,,native_text,none,clean,False,same_imaging_template_different_findings
v2_case_015_explosion_imaging_15,email_duplicate_attachments_002.pdf,44,email_records,imaging_report,case_015,,native_text,none,clean,False,same_imaging_template_different_findings
v2_case_015_explosion_imaging_16,claimant_upload_mixed_002.pdf,9,claimant_uploads,imaging_report,case_015,,image_only,hard,camera_imaging,False,same_imaging_template_different_findings
v2_case_015_explosion_imaging_17,received_records_followups_003.pdf,40,received_records,imaging_report,case_015,,native_text,none,clean,False,same_imaging_template_different_findings
v2_case_015_explosion_imaging_18,ere_batch_001.pdf,31,ere_records,imaging_report,case_015,,native_text,none,clean,False,same_imaging_template_different_findings
v2_case_015_explosion_imaging_19,email_duplicate_attachments_002.pdf,45,email_records,imaging_report,case_015,,native_text,none,clean,False,same_imaging_template_different_findings
v2_case_015_explosion_imaging_20,claimant_upload_mixed_002.pdf,10,claimant_uploads,imaging_report,case_015,,image_only,hard,camera_imaging,False,same_imaging_template_different_findings
v2_case_015_explosion_imaging_21,received_records_followups_003.pdf,41,received_records,imaging_report,case_015,,native_text,none,clean,False,same_imaging_template_different_findings
v2_case_015_explosion_imaging_22,ere_batch_001.pdf,32,ere_records,imaging_report,case_015,,native_text,none,clean,False,same_imaging_template_different_findings
v2_case_015_explosion_imaging_23,email_duplicate_attachments_002.pdf,46,email_records,imaging_report,case_015,,native_text,none,clean,False,same_imaging_template_different_findings
v2_case_015_explosion_imaging_24,claimant_upload_mixed_002.pdf,11,claimant_uploads,imaging_report,case_015,,image_only,hard,camera_imaging,False,same_imaging_template_different_findings
v2_case_015_diverse_filler_01,received_records_001.pdf,16,received_records,procedure_note,case_015,,native_text,none,clean,False,same_boilerplate_different_content
v2_case_015_diverse_filler_02,ere_batch_002.pdf,37,ere_records,discharge_summary,case_015,,native_text,none,clean_with_stamp,False,
v2_case_015_diverse_filler_03,fax_records_002.pdf,17,fax_records,insurance_authorization,case_015,,image_only,medium,fax_degraded,False,same_boilerplate_different_content
v2_case_015_diverse_filler_04,email_attachments_001.pdf,25,email_records,procedure_note,case_015,,native_text,none,clean,False,
v2_case_015_diverse_filler_05,claimant_upload_camera_001.pdf,10,claimant_uploads,discharge_summary,case_015,,image_only,hard,camera_shadow_crop,False,same_boilerplate_different_content
v2_case_015_diverse_filler_06,received_records_001.pdf,17,received_records,insurance_authorization,case_015,,native_text,none,clean,False,
v2_case_015_diverse_filler_07,ere_batch_002.pdf,38,ere_records,procedure_note,case_015,,native_text,none,clean_with_stamp,False,same_boilerplate_different_content
v2_case_015_diverse_filler_08,fax_records_002.pdf,18,fax_records,discharge_summary,case_015,,image_only,medium,fax_degraded,False,
v2_case_015_diverse_filler_09,email_attachments_001.pdf,26,email_records,insurance_authorization,case_015,,native_text,none,clean,False,same_boilerplate_different_content
v2_case_015_diverse_filler_10,claimant_upload_camera_001.pdf,11,claimant_uploads,procedure_note,case_015,,image_only,hard,camera_shadow_crop,False,
v2_case_015_diverse_filler_11,received_records_001.pdf,18,received_records,discharge_summary,case_015,,native_text,none,clean,False,same_boilerplate_different_content
v2_case_015_diverse_filler_12,ere_batch_002.pdf,39,ere_records,insurance_authorization,case_015,,native_text,none,clean_with_stamp,False,
v2_case_015_diverse_filler_13,fax_records_002.pdf,19,fax_records,procedure_note,case_015,,image_only,medium,fax_degraded,False,same_boilerplate_different_content
v2_case_015_diverse_filler_14,email_attachments_001.pdf,27,email_records,discharge_summary,case_015,,native_text,none,clean,False,
v2_case_015_diverse_filler_15,claimant_upload_camera_001.pdf,12,claimant_uploads,insurance_authorization,case_015,,image_only,hard,camera_shadow_crop,False,same_boilerplate_different_content
v2_case_015_diverse_filler_16,received_records_001.pdf,19,received_records,procedure_note,case_015,,native_text,none,clean,False,
v2_case_015_diverse_filler_17,ere_batch_002.pdf,40,ere_records,discharge_summary,case_015,,native_text,none,clean_with_stamp,False,same_boilerplate_different_content
v2_case_015_diverse_filler_18,fax_records_002.pdf,20,fax_records,insurance_authorization,case_015,,image_only,medium,fax_degraded,False,
v2_case_015_diverse_filler_19,email_attachments_001.pdf,28,email_records,procedure_note,case_015,,native_text,none,clean,False,same_boilerplate_different_content
v2_case_015_diverse_filler_20,claimant_upload_camera_001.pdf,13,claimant_uploads,discharge_summary,case_015,,image_only,hard,camera_shadow_crop,False,
v2_case_015_diverse_filler_21,received_records_001.pdf,20,received_records,insurance_authorization,case_015,,native_text,none,clean,False,same_boilerplate_different_content
v2_case_015_diverse_filler_22,ere_batch_002.pdf,41,ere_records,procedure_note,case_015,,native_text,none,clean_with_stamp,False,
v2_case_015_diverse_filler_23,fax_records_002.pdf,21,fax_records,discharge_summary,case_015,,image_only,medium,fax_degraded,False,same_boilerplate_different_content
v2_case_015_diverse_filler_24,email_attachments_001.pdf,29,email_records,insurance_authorization,case_015,,native_text,none,clean,False,
v2_case_015_diverse_filler_25,claimant_upload_camera_001.pdf,14,claimant_uploads,procedure_note,case_015,,image_only,hard,camera_shadow_crop,False,same_boilerplate_different_content
v2_case_015_diverse_filler_26,received_records_001.pdf,21,received_records,discharge_summary,case_015,,native_text,none,clean,False,
v2_case_015_diverse_filler_27,ere_batch_002.pdf,42,ere_records,insurance_authorization,case_015,,native_text,none,clean_with_stamp,False,same_boilerplate_different_content
v2_case_015_diverse_filler_28,fax_records_002.pdf,22,fax_records,procedure_note,case_015,,image_only,medium,fax_degraded,False,
v2_case_015_ocr_stress_easy_01,claimant_upload_mixed_002.pdf,12,claimant_uploads,visit_note,case_015,,image_only,easy,clean_scan,False,ocr_stress_nonduplicate
v2_case_015_ocr_stress_medium_02,fax_records_002.pdf,23,fax_records,visit_note,case_015,,image_only,medium,fax_degraded,False,ocr_stress_nonduplicate
v2_case_015_ocr_stress_hard_03,claimant_upload_mixed_002.pdf,13,claimant_uploads,visit_note,case_015,,image_only,hard,hard_camera_scan,False,ocr_stress_nonduplicate
v2_case_015_ocr_stress_trap_04,fax_records_002.pdf,24,fax_records,visit_note,case_015,,image_only,trap,ocr_trap_scan,False,ocr_stress_nonduplicate
v2_case_015_ocr_stress_easy_05,claimant_upload_mixed_002.pdf,14,claimant_uploads,visit_note,case_015,,image_only,easy,clean_scan,False,ocr_stress_nonduplicate
v2_case_015_ocr_stress_medium_06,fax_records_002.pdf,25,fax_records,visit_note,case_015,,image_only,medium,fax_degraded,False,ocr_stress_nonduplicate
v2_case_015_ocr_stress_hard_07,claimant_upload_mixed_002.pdf,15,claimant_uploads,visit_note,case_015,,image_only,hard,hard_camera_scan,False,ocr_stress_nonduplicate
v2_case_015_ocr_stress_trap_08,fax_records_002.pdf,26,fax_records,visit_note,case_015,,image_only,trap,ocr_trap_scan,False,ocr_stress_nonduplicate
v2_case_015_ocr_stress_easy_09,claimant_upload_mixed_002.pdf,16,claimant_uploads,visit_note,case_015,,image_only,easy,clean_scan,False,ocr_stress_nonduplicate
v2_case_015_ocr_stress_medium_10,fax_records_002.pdf,27,fax_records,visit_note,case_015,,image_only,medium,fax_degraded,False,ocr_stress_nonduplicate
v2_case_015_ocr_stress_hard_11,claimant_upload_mixed_002.pdf,17,claimant_uploads,visit_note,case_015,,image_only,hard,hard_camera_scan,False,ocr_stress_nonduplicate
v2_case_015_ocr_stress_trap_12,fax_records_002.pdf,28,fax_records,visit_note,case_015,,image_only,trap,ocr_trap_scan,False,ocr_stress_nonduplicate
v2_case_015_ocr_stress_easy_13,claimant_upload_mixed_002.pdf,18,claimant_uploads,visit_note,case_015,,image_only,easy,clean_scan,False,ocr_stress_nonduplicate
v2_case_015_ocr_stress_medium_14,fax_records_002.pdf,29,fax_records,visit_note,case_015,,image_only,medium,fax_degraded,False,ocr_stress_nonduplicate
v2_case_015_ocr_stress_hard_15,claimant_upload_mixed_002.pdf,19,claimant_uploads,visit_note,case_015,,image_only,hard,hard_camera_scan,False,ocr_stress_nonduplicate
v2_case_015_ocr_stress_trap_16,fax_records_002.pdf,30,fax_records,visit_note,case_015,,image_only,trap,ocr_trap_scan,False,ocr_stress_nonduplicate
v2_case_015_ocr_stress_easy_17,claimant_upload_mixed_002.pdf,20,claimant_uploads,visit_note,case_015,,image_only,easy,clean_scan,False,ocr_stress_nonduplicate
v2_case_015_ocr_stress_medium_18,fax_records_002.pdf,31,fax_records,visit_note,case_015,,image_only,medium,fax_degraded,False,ocr_stress_nonduplicate
v2_case_015_ocr_stress_hard_19,claimant_upload_mixed_002.pdf,21,claimant_uploads,visit_note,case_015,,image_only,hard,hard_camera_scan,False,ocr_stress_nonduplicate
v2_case_015_ocr_stress_trap_20,fax_records_002.pdf,32,fax_records,visit_note,case_015,,image_only,trap,ocr_trap_scan,False,ocr_stress_nonduplicate
